x,y,r
3118,2986,23.0
1371,2981,17.0
2312,2976,22.0
3461,2981,25.0
1311,2982,29.0
2065,2965,19.0
1888,2982,29.0
2787,2976,29.0
880,2984,22.0
1602,2977,30.0
1752,2975,29.0
3590,2961,14.0
3940,2968,33.0
2838,2970,29.0
3224,2960,34.0
1703,2958,21.0
816,2963,41.0
3161,2967,36.0
1827,2964,35.0
1441,2966,30.0
1560,2959,16.0
2263,2965,32.0
3684,2963,32.0
1038,2964,34.0
609,2963,36.0
2090,2947,10.0
978,2960,30.0
2207,2955,42.0
2404,2958,34.0
755,2945,27.0
3391,2950,32.0
1970,2946,37.0
2966,2954,38.0
2638,2951,36.0
2725,2942,40.0
1517,2943,32.0
2142,2935,34.0
1227,2942,33.0
1138,2944,39.0
1379,2938,30.0
3300,2933,27.0
2339,2936,32.0
3841,2930,30.0
2557,2933,29.0
2049,2934,32.0
3532,2923,22.0
3574,2923,35.0
2007,2914,11.0
3624,2924,31.0
3035,2921,27.0
3907,2920,43.0
3477,2917,33.0
669,2914,26.0
3760,2923,29.0
3211,2907,38.0
2474,2923,38.0
1081,2921,31.0
1321,2916,32.0
912,2921,42.0
1730,2918,34.0
3096,2910,38.0
2095,2903,28.0
1574,2911,28.0
1459,2903,26.0
2891,2913,38.0
724,2907,32.0
3855,2892,22.0
621,2901,22.0
548,2905,36.0
3260,2901,32.0
1899,2898,29.0
2188,2891,28.0
2401,2891,21.0
1272,2887,31.0
3819,2888,22.0
3154,2893,28.0
3665,2881,29.0
3434,2882,27.0
2723,2884,28.0
2024,2883,28.0
1832,2891,39.0
1657,2887,41.0
3530,2875,23.0
2989,2877,20.0
1710,2872,18.0
2813,2885,37.0
1502,2877,28.0
2649,2880,31.0
3347,2881,37.0
2578,2875,34.0
663,2875,29.0
2344,2869,30.0
3053,2868,25.0
2525,2866,27.0
815,2873,41.0
4027,2861,31.0
2466,2859,20.0
1025,2873,39.0
1963,2869,34.0
2129,2868,37.0
1215,2860,27.0
2244,2874,45.0
2079,2855,18.0
3479,2857,28.0
905,2858,20.0
3982,2858,36.0
3870,2858,30.0
1398,2864,40.0
708,2852,24.0
620,2858,24.0
3923,2845,23.0
3197,2845,28.0
3119,2837,23.0
2944,2845,29.0
3724,2847,36.0
953,2846,40.0
2808,2830,13.0
2408,2836,26.0
1312,2840,33.0
3515,2823,22.0
3008,2828,23.0
3583,2829,37.0
3405,2830,33.0
1136,2840,44.0
1553,2827,30.0
2894,2821,24.0
862,2823,29.0
2592,2826,29.0
2292,2831,36.0
3284,2828,34.0
2471,2817,25.0
2758,2817,39.0
2694,2821,32.0
665,2817,27.0
3655,2816,42.0
2039,2815,28.0
1041,2810,25.0
3964,2812,31.0
1241,2805,27.0
2187,2813,28.0
3797,2821,47.0
1909,2811,32.0
749,2807,42.0
3874,2806,27.0
1624,2816,41.0
2356,2797,30.0
3225,2801,23.0
1740,2808,43.0
452,2804,40.0
1984,2793,32.0
1829,2799,34.0
3532,2796,19.0
569,2801,44.0
2118,2791,37.0
3957,2775,10.0
912,2791,30.0
3164,2781,27.0
2247,2783,29.0
1549,2776,18.0
818,2782,31.0
4034,2783,39.0
1002,2811,54.0
3637,2769,21.0
1477,2789,45.0
416,2769,18.0
2937,2775,31.0
2546,2783,40.0
1291,2774,30.0
3919,2773,29.0
2720,2768,21.0
3336,2772,31.0
3273,2768,22.0
2315,2765,21.0
3482,2773,34.0
2842,2778,43.0
1246,2771,25.0
2643,2768,35.0
2449,2765,32.0
2778,2762,40.0
3802,2756,21.0
3574,2763,34.0
3093,2770,45.0
640,2759,30.0
1379,2766,40.0
3408,2765,44.0
3694,2754,33.0
3979,2748,28.0
370,2743,32.0
956,2739,38.0
1926,2751,36.0
3208,2745,29.0
1187,2753,38.0
1678,2750,34.0
3617,2737,26.0
599,2729,21.0
2369,2743,40.0
1116,2729,27.0
723,2740,40.0
437,2735,33.0
1760,2731,30.0
4087,2734,34.0
2687,2726,26.0
3862,2729,29.0
1834,2725,33.0
1624,2717,19.0
1254,2724,32.0
2026,2733,42.0
1568,2720,44.0
2903,2720,26.0
2505,2716,24.0
3281,2715,31.0
2741,2721,33.0
2192,2723,38.0
1033,2726,49.0
517,2728,47.0
3803,2710,22.0
4010,2700,28.0
3750,2718,35.0
2794,2704,26.0
1325,2708,30.0
4055,2695,17.0
399,2699,22.0
2107,2712,41.0
3527,2699,27.0
3932,2697,26.0
3161,2698,26.0
1449,2701,30.0
2632,2697,25.0
2453,2705,39.0
2557,2699,36.0
1144,2690,27.0
3577,2690,30.0
3698,2687,26.0
1869,2688,38.0
2278,2697,46.0
816,2699,41.0
3220,2691,26.0
1749,2674,27.0
3468,2684,32.0
1797,2681,24.0
1278,2675,19.0
3356,2687,41.0
4104,2674,24.0
740,2676,25.0
1590,2674,28.0
3977,2670,26.0
1923,2674,28.0
597,2671,24.0
331,2689,42.0
921,2682,40.0
2996,2692,54.0
380,2658,8.0
1677,2670,37.0
1388,2670,34.0
3641,2665,32.0
1523,2664,30.0
3846,2654,29.0
3789,2655,27.0
3739,2655,28.0
3167,2653,28.0
1981,2655,28.0
3124,2646,37.0
2396,2657,34.0
2693,2653,28.0
1237,2651,34.0
661,2659,44.0
1875,2649,29.0
1833,2645,29.0
3281,2643,30.0
2845,2653,40.0
3912,2644,32.0
3525,2637,23.0
1088,2648,37.0
4053,2636,40.0
2060,2643,38.0
1169,2639,43.0
880,2631,23.0
2510,2636,26.0
434,2642,34.0
2580,2634,32.0
3589,2618,27.0
2229,2627,30.0
2345,2618,30.0
1457,2628,35.0
2546,2625,11.0
3394,2622,38.0
1008,2631,36.0
2742,2613,37.0
2147,2625,38.0
521,2628,40.0
2458,2617,31.0
4096,2614,27.0
3074,2611,28.0
1770,2613,37.0
1908,2617,39.0
3139,2601,32.0
3774,2597,19.0
3722,2603,36.0
828,2608,36.0
3549,2590,21.0
1566,2608,33.0
298,2602,34.0
2632,2602,33.0
1394,2594,27.0
600,2600,27.0
3229,2598,40.0
3648,2599,34.0
3497,2589,42.0
1855,2593,22.0
1331,2604,44.0
698,2593,34.0
950,2595,32.0
3821,2589,30.0
2795,2586,22.0
3943,2583,28.0
1072,2574,29.0
761,2590,29.0
3434,2579,20.0
3999,2590,40.0
3327,2580,31.0
2914,2589,40.0
2692,2578,25.0
2282,2583,30.0
3720,2566,13.0
1645,2590,48.0
3600,2572,22.0
3376,2573,29.0
4183,2572,28.0
2844,2571,24.0
2391,2580,41.0
459,2574,30.0
2533,2573,33.0
1129,2572,31.0
4043,2577,41.0
2586,2562,20.0
3154,2562,30.0
1984,2569,42.0
696,2552,12.0
2999,2558,28.0
2742,2556,30.0
1479,2560,34.0
3753,2553,27.0
3106,2555,30.0
3555,2547,30.0
3047,2564,34.0
3872,2559,29.0
1231,2569,56.0
1739,2560,38.0
835,2542,28.0
543,2545,25.0
2084,2553,35.0
2333,2545,20.0
4190,2535,13.0
3805,2539,24.0
1791,2541,27.0
3630,2536,15.0
2164,2543,33.0
1903,2548,41.0
1694,2532,21.0
3692,2529,41.0
4111,2536,46.0
2998,2524,10.0
908,2533,33.0
2476,2536,35.0
2221,2535,31.0
729,2533,29.0
650,2544,43.0
4038,2527,21.0
3484,2525,28.0
1036,2527,28.0
2698,2521,25.0
326,2530,52.0
793,2518,21.0
3175,2517,20.0
2823,2516,25.0
2286,2521,32.0
1956,2510,25.0
3314,2513,35.0
2624,2513,36.0
1410,2519,45.0
525,2501,20.0
3534,2501,27.0
2962,2509,29.0
2768,2516,29.0
2372,2508,31.0
584,2515,40.0
3591,2502,34.0
1213,2497,21.0
4163,2504,30.0
3766,2500,22.0
3023,2498,27.0
1572,2512,40.0
2038,2501,32.0
2878,2498,40.0
3398,2504,41.0
754,2489,20.0
419,2507,46.0
1295,2489,34.0
2557,2486,35.0
695,2490,28.0
845,2492,34.0
3495,2483,25.0
3236,2493,39.0
1739,2485,32.0
3923,2489,35.0
2667,2477,25.0
3108,2480,39.0
2923,2474,22.0
2106,2482,31.0
1242,2481,22.0
908,2479,30.0
1839,2484,39.0
3165,2469,21.0
2185,2473,30.0
3817,2481,27.0
1044,2469,22.0
4215,2465,16.0
1110,2479,34.0
2429,2476,35.0
4076,2467,24.0
1665,2474,35.0
980,2473,39.0
2507,2464,32.0
3455,2467,27.0
1924,2464,35.0
1478,2466,29.0
4018,2471,40.0
3709,2464,32.0
1076,2444,12.0
243,2469,38.0
2372,2457,31.0
3634,2462,34.0
1592,2452,20.0
3549,2453,27.0
1345,2455,27.0
2973,2454,29.0
557,2452,22.0
2739,2451,31.0
2801,2452,30.0
1198,2447,24.0
1975,2451,36.0
791,2447,31.0
3768,2439,20.0
3055,2442,41.0
1779,2441,29.0
1278,2440,32.0
640,2444,40.0
4134,2442,39.0
3866,2438,28.0
305,2432,25.0
4187,2432,19.0
3081,2434,28.0
3190,2433,19.0
492,2438,39.0
2277,2439,47.0
1539,2429,36.0
1235,2419,22.0
355,2421,34.0
3366,2419,19.0
2042,2425,30.0
724,2433,44.0
1725,2433,38.0
2548,2425,35.0
1135,2428,40.0
3592,2417,24.0
3421,2419,32.0
1667,2417,27.0
3688,2414,24.0
3138,2427,32.0
1579,2409,16.0
426,2418,39.0
940,2419,36.0
2889,2415,36.0
1923,2407,34.0
2619,2410,42.0
2502,2404,46.0
2196,2408,23.0
2681,2419,34.0
1072,2409,34.0
3244,2402,29.0
1845,2406,34.0
1493,2392,21.0
3648,2398,28.0
4041,2395,39.0
314,2387,18.0
2118,2401,39.0
868,2402,40.0
1264,2394,22.0
3015,2391,36.0
3935,2396,41.0
3824,2394,35.0
3073,2390,28.0
1007,2383,29.0
4230,2389,42.0
2425,2390,27.0
1463,2373,18.0
1114,2372,23.0
2958,2377,31.0
1762,2372,28.0
3384,2375,24.0
4098,2373,24.0
3313,2387,32.0
1987,2381,34.0
4152,2371,22.0
1554,2368,29.0
592,2381,38.0
1414,2386,44.0
3489,2376,49.0
1206,2370,40.0
2867,2354,20.0
3733,2375,38.0
2765,2377,40.0
2252,2368,27.0
2308,2361,25.0
1654,2367,34.0
217,2374,49.0
2377,2354,25.0
1896,2365,27.0
2484,2354,36.0
1322,2359,39.0
3284,2342,22.0
2054,2345,32.0
919,2351,22.0
2909,2348,20.0
366,2350,37.0
295,2348,28.0
797,2341,47.0
1099,2336,27.0
700,2348,40.0
2631,2342,34.0
2169,2348,39.0
1477,2340,31.0
3609,2348,40.0
1800,2339,31.0
2872,2329,24.0
3559,2332,28.0
4122,2336,25.0
4005,2336,32.0
3787,2328,22.0
1592,2331,31.0
1151,2339,35.0
2572,2333,32.0
1530,2321,22.0
3111,2332,36.0
3024,2326,29.0
3680,2320,25.0
3196,2332,42.0
2825,2322,32.0
1037,2322,43.0
3428,2321,27.0
1240,2323,27.0
3914,2318,29.0
2971,2318,32.0
1838,2318,22.0
1719,2328,43.0
2298,2313,21.0
3858,2323,29.0
1997,2314,25.0
3348,2316,36.0
858,2316,31.0
2092,2311,25.0
471,2330,53.0
2442,2310,23.0
4236,2319,39.0
4066,2313,32.0
4168,2310,32.0
2359,2303,36.0
1660,2303,32.0
635,2306,29.0
1399,2306,34.0
3271,2295,30.0
1774,2289,14.0
963,2309,40.0
3492,2299,29.0
4318,2290,35.0
2678,2301,34.0
1919,2300,30.0
1564,2293,23.0
310,2292,28.0
2901,2289,40.0
1818,2286,16.0
2513,2293,33.0
570,2298,37.0
1104,2284,29.0
3815,2284,31.0
1005,2285,29.0
3983,2282,29.0
3658,2271,34.0
3310,2269,22.0
1596,2270,24.0
2040,2274,30.0
2395,2269,27.0
2224,2275,49.0
3185,2264,34.0
3031,2264,33.0
2851,2263,20.0
1171,2269,31.0
3556,2266,39.0
1223,2263,25.0
1496,2271,35.0
173,2272,37.0
3738,2271,38.0
2758,2272,42.0
1054,2260,31.0
684,2255,41.0
2617,2258,34.0
3783,2245,20.0
373,2264,40.0
3934,2258,27.0
1864,2253,32.0
1691,2257,32.0
3264,2248,30.0
1312,2257,39.0
3150,2250,29.0
4189,2251,29.0
996,2238,22.0
3879,2248,26.0
767,2254,42.0
1782,2244,25.0
457,2243,28.0
4113,2247,51.0
3081,2246,34.0
1966,2246,27.0
873,2250,40.0
2963,2247,36.0
2685,2230,21.0
1440,2237,30.0
3391,2242,40.0
3457,2226,20.0
4277,2237,39.0
3826,2231,31.0
1560,2226,32.0
3041,2216,28.0
595,2221,34.0
3506,2212,27.0
954,2214,32.0
291,2212,30.0
2132,2220,48.0
117,2208,21.0
3614,2206,23.0
523,2221,43.0
4019,2215,53.0
2015,2207,32.0
1023,2204,30.0
3689,2207,34.0
3821,2190,11.0
413,2199,22.0
207,2203,30.0
4161,2196,27.0
3218,2205,43.0
1259,2203,39.0
3131,2194,23.0
2266,2194,28.0
3303,2200,35.0
3424,2190,25.0
3083,2191,25.0
831,2188,25.0
2459,2204,53.0
663,2189,30.0
4220,2188,37.0
1640,2195,40.0
3781,2183,29.0
899,2183,25.0
1127,2188,42.0
3571,2179,28.0
2564,2188,34.0
1197,2182,35.0
1489,2183,38.0
1059,2168,22.0
355,2176,36.0
2744,2168,50.0
739,2175,39.0
1794,2164,27.0
1970,2167,32.0
1735,2172,39.0
3267,2163,21.0
1368,2176,46.0
4328,2162,29.0
3931,2168,35.0
2029,2159,24.0
3003,2164,37.0
3845,2162,39.0
948,2145,30.0
3067,2151,16.0
1891,2165,45.0
472,2166,44.0
3461,2156,32.0
2635,2152,34.0
3388,2149,29.0
2882,2148,27.0
2216,2152,35.0
1005,2149,32.0
4158,2147,31.0
4092,2149,34.0
284,2141,28.0
2818,2132,27.0
401,2141,34.0
1574,2144,29.0
3518,2136,29.0
2520,2126,29.0
4015,2134,34.0
3718,2134,29.0
3312,2138,34.0
3194,2132,38.0
3784,2117,24.0
1268,2123,34.0
832,2124,38.0
4248,2125,38.0
3075,2105,20.0
1105,2117,27.0
911,2111,33.0
1169,2113,27.0
3604,2118,41.0
1811,2112,34.0
968,2104,21.0
1517,2107,29.0
1462,2112,36.0
2315,2113,46.0
1408,2109,34.0
3368,2098,17.0
3950,2101,27.0
1623,2104,30.0
2702,2104,36.0
3437,2093,31.0
1988,2102,35.0
748,2097,33.0
3264,2098,29.0
1870,2090,29.0
640,2104,48.0
3160,2084,18.0
181,2121,65.0
1768,2082,18.0
4359,2090,29.0
3879,2093,33.0
2421,2097,51.0
937,2071,16.0
2081,2089,43.0
2560,2071,39.0
3504,2075,24.0
555,2078,29.0
424,2079,31.0
4164,2078,36.0
4079,2077,34.0
1687,2078,39.0
1052,2077,37.0
3640,2068,30.0
1568,2069,29.0
3703,2071,32.0
321,2078,43.0
4309,2058,29.0
4262,2062,33.0
1122,2060,26.0
4011,2066,28.0
876,2065,27.0
3389,2060,30.0
3791,2060,29.0
1216,2073,50.0
491,2055,28.0
2212,2056,35.0
3532,2042,15.0
3563,2052,29.0
2643,2056,28.0
3445,2036,31.0
1805,2048,32.0
2154,2035,21.0
1496,2044,30.0
978,2043,41.0
802,2043,29.0
2761,2035,35.0
129,2033,24.0
1439,2039,26.0
3965,2036,31.0
1871,2038,32.0
2344,2030,31.0
682,2033,29.0
4233,2027,25.0
3900,2022,34.0
2986,2028,24.0
1943,2035,34.0
1753,2027,22.0
3326,2038,40.0
739,2028,35.0
1623,2022,22.0
844,2016,24.0
4346,2023,29.0
235,2022,48.0
2696,2017,30.0
3243,2017,32.0
2284,2009,34.0
3760,2016,26.0
1366,2027,52.0
385,2016,35.0
3940,1993,19.0
2812,2012,31.0
4275,2008,30.0
3842,2013,36.0
3512,2005,30.0
3394,2007,29.0
974,2010,31.0
2078,2003,34.0
3649,2000,34.0
2223,1996,33.0
4135,1997,40.0
906,1993,46.0
1800,1981,31.0
1666,1996,27.0
1234,1988,29.0
3565,1987,32.0
2161,1982,31.0
1557,1990,38.0
1024,1986,32.0
4385,1977,24.0
653,1985,36.0
83,1984,42.0
1716,1986,55.0
2749,1975,29.0
3294,1969,27.0
1314,1978,33.0
3717,1967,39.0
181,1972,38.0
3447,1971,34.0
2267,1960,19.0
3197,1965,30.0
1130,1977,46.0
3391,1956,22.0
1480,1965,36.0
1239,1949,17.0
961,1950,25.0
327,1968,41.0
3348,1957,28.0
1190,1952,25.0
3615,1942,26.0
3793,1952,36.0
1863,1957,36.0
813,1956,38.0
1641,1941,26.0
4214,1948,34.0
3900,1948,38.0
1774,1939,20.0
727,1944,34.0
1271,1940,29.0
4070,1941,32.0
3251,1931,27.0
4154,1927,31.0
3507,1925,36.0
4310,1941,36.0
3305,1918,22.0
605,1929,30.0
2215,1928,34.0
1361,1925,34.0
1220,1915,24.0
1062,1924,31.0
240,1930,39.0
48,1926,33.0
1441,1918,28.0
3560,1925,27.0
945,1913,24.0
3657,1917,34.0
887,1915,36.0
3726,1905,29.0
994,1912,30.0
468,1907,27.0
623,1900,9.0
148,1906,27.0
2131,1917,46.0
4384,1907,36.0
3413,1905,28.0
1160,1912,34.0
191,1893,22.0
2013,1900,65.0
3821,1899,28.0
672,1900,33.0
2954,1898,29.0
1767,1890,23.0
768,1888,33.0
3597,1887,25.0
4007,1894,37.0
1699,1893,51.0
4255,1885,22.0
338,1884,32.0
4147,1872,30.0
3360,1884,29.0
1629,1877,30.0
1264,1875,35.0
416,1863,29.0
1213,1868,29.0
3766,1866,26.0
1551,1872,48.0
607,1867,30.0
4197,1862,25.0
1105,1863,30.0
849,1854,34.0
4091,1864,34.0
664,1848,20.0
3477,1855,40.0
3300,1853,27.0
1436,1861,38.0
1170,1850,28.0
1348,1854,38.0
805,1854,28.0
239,1853,37.0
3925,1861,40.0
2958,1849,18.0
1844,1858,42.0
115,1852,35.0
3791,1836,20.0
180,1849,32.0
2099,1845,30.0
3822,1840,29.0
942,1845,37.0
3662,1842,32.0
744,1847,34.0
1752,1838,32.0
1047,1842,35.0
4221,1824,13.0
3726,1823,25.0
4281,1823,35.0
4143,1825,23.0
3565,1826,42.0
52,1825,29.0
1392,1819,23.0
695,1823,23.0
543,1830,45.0
634,1810,23.0
4360,1824,39.0
2997,1807,22.0
3413,1811,44.0
1276,1811,31.0
1672,1815,35.0
1589,1807,28.0
3486,1801,22.0
318,1812,37.0
3764,1802,28.0
1976,1804,42.0
2053,1799,22.0
1891,1795,23.0
1520,1809,31.0
387,1805,40.0
4177,1787,23.0
3321,1789,29.0
3940,1785,23.0
1195,1793,37.0
729,1785,20.0
235,1790,35.0
4233,1791,33.0
4015,1795,42.0
96,1783,34.0
865,1786,36.0
47,1775,29.0
1771,1779,32.0
1723,1767,25.0
1845,1780,34.0
3238,1765,29.0
3864,1782,45.0
3712,1767,35.0
1342,1771,34.0
1805,1752,18.0
1090,1775,42.0
4310,1768,38.0
944,1760,32.0
594,1756,17.0
4092,1760,32.0
4440,1757,44.0
1012,1759,34.0
455,1758,34.0
1504,1745,35.0
1996,1741,34.0
1827,1736,10.0
3783,1743,24.0
1425,1748,43.0
781,1747,40.0
3589,1750,44.0
4152,1730,44.0
3456,1740,39.0
114,1731,29.0
60,1728,32.0
1594,1734,38.0
384,1728,32.0
3962,1725,26.0
1669,1721,36.0
289,1727,37.0
180,1734,43.0
903,1715,35.0
1790,1719,22.0
1728,1720,31.0
672,1735,50.0
4377,1724,35.0
538,1727,39.0
4249,1716,43.0
4215,1699,14.0
4317,1705,33.0
3816,1707,26.0
1134,1714,31.0
964,1705,22.0
1836,1702,30.0
1344,1695,31.0
2035,1694,30.0
1247,1707,46.0
3496,1685,10.0
3393,1688,25.0
1453,1683,27.0
4112,1691,40.0
3873,1684,34.0
1522,1685,28.0
90,1682,27.0
3733,1689,43.0
3575,1680,34.0
612,1688,45.0
1697,1672,22.0
4192,1675,27.0
1400,1678,36.0
3957,1668,32.0
4293,1656,27.0
843,1670,41.0
2181,1654,25.0
412,1664,30.0
1639,1656,29.0
4252,1653,28.0
4436,1666,37.0
3789,1656,28.0
230,1664,38.0
1913,1659,37.0
1576,1649,26.0
306,1660,41.0
4038,1665,43.0
3456,1642,38.0
1835,1643,25.0
4353,1647,34.0
1156,1648,24.0
3306,1637,28.0
1762,1643,26.0
752,1647,39.0
560,1646,28.0
1299,1632,22.0
3656,1647,37.0
1482,1631,25.0
918,1642,38.0
3372,1639,25.0
150,1641,37.0
2139,1621,19.0
1038,1645,46.0
1351,1629,25.0
3538,1624,41.0
1396,1617,20.0
3916,1618,39.0
1610,1617,28.0
1220,1610,48.0
1450,1605,30.0
3601,1606,32.0
435,1597,35.0
4302,1598,38.0
3983,1600,31.0
1884,1595,25.0
4219,1596,40.0
662,1602,38.0
1951,1590,33.0
1521,1593,38.0
284,1592,29.0
4160,1590,19.0
347,1594,32.0
1705,1605,43.0
3432,1592,31.0
95,1594,26.0
1647,1588,27.0
3820,1594,38.0
4109,1590,39.0
820,1578,31.0
3371,1575,27.0
989,1571,29.0
219,1576,32.0
3727,1580,43.0
1294,1565,45.0
1982,1560,25.0
1475,1573,29.0
3654,1564,28.0
3524,1558,46.0
3322,1557,24.0
745,1569,38.0
1147,1566,37.0
514,1570,44.0
4268,1552,26.0
146,1562,34.0
1750,1547,19.0
1413,1548,38.0
606,1541,30.0
64,1535,22.0
3780,1530,22.0
1699,1538,18.0
1230,1544,33.0
3991,1541,39.0
566,1532,22.0
412,1543,34.0
295,1543,32.0
3912,1546,41.0
1072,1541,38.0
688,1535,28.0
1574,1544,40.0
1936,1526,34.0
3603,1526,30.0
1354,1527,36.0
805,1516,30.0
3376,1519,33.0
1648,1517,28.0
247,1505,23.0
1452,1512,30.0
362,1508,24.0
135,1502,21.0
92,1506,29.0
3450,1509,36.0
3814,1497,36.0
1172,1499,34.0
1737,1500,27.0
594,1497,23.0
987,1505,36.0
190,1507,36.0
739,1495,25.0
645,1498,29.0
3869,1484,22.0
535,1499,36.0
4162,1501,43.0
3753,1492,25.0
1513,1493,35.0
296,1493,27.0
3522,1489,34.0
1063,1475,29.0
4074,1483,40.0
4276,1481,43.0
3668,1480,41.0
3969,1470,30.0
3580,1468,32.0
53,1466,28.0
464,1469,39.0
240,1466,41.0
3839,1457,29.0
806,1458,33.0
1408,1454,34.0
1224,1461,43.0
1128,1456,34.0
601,1443,31.0
1605,1445,35.0
1320,1447,37.0
1675,1445,35.0
3439,1445,38.0
3374,1439,24.0
1743,1440,33.0
4426,1436,39.0
1559,1417,28.0
942,1429,35.0
128,1431,42.0
1079,1423,27.0
1021,1425,28.0
743,1429,30.0
4193,1420,27.0
295,1423,31.0
3905,1429,38.0
337,1404,13.0
1478,1423,34.0
4143,1411,26.0
530,1417,32.0
4244,1410,20.0
3553,1413,34.0
3640,1413,30.0
579,1400,16.0
431,1402,25.0
3977,1404,33.0
3801,1407,33.0
819,1403,31.0
2325,1387,16.0
651,1405,40.0
227,1393,42.0
3907,1389,21.0
979,1384,23.0
3281,1371,21.0
4338,1388,46.0
1264,1379,38.0
340,1366,31.0
3469,1377,38.0
4060,1374,37.0
1353,1375,39.0
160,1368,31.0
3946,1360,34.0
1595,1364,37.0
1047,1367,36.0
4213,1362,24.0
1185,1367,37.0
3726,1367,36.0
1716,1363,40.0
395,1364,27.0
3350,1363,27.0
1125,1362,34.0
3996,1345,34.0
580,1356,28.0
3871,1359,28.0
1430,1358,31.0
896,1358,40.0
452,1351,39.0
3664,1348,23.0
3610,1350,29.0
1237,1350,24.0
61,1349,28.0
4146,1353,36.0
249,1335,29.0
732,1341,41.0
3541,1339,32.0
115,1332,27.0
4415,1326,29.0
4030,1317,21.0
641,1327,34.0
1081,1322,27.0
1261,1319,25.0
1664,1314,38.0
3914,1315,25.0
3486,1309,23.0
1779,1309,27.0
1608,1311,22.0
3417,1312,31.0
4306,1305,32.0
4251,1310,33.0
521,1321,36.0
3675,1301,17.0
307,1309,26.0
805,1314,38.0
3718,1298,22.0
1212,1304,30.0
990,1308,36.0
3626,1294,23.0
1409,1294,20.0
4085,1300,43.0
1329,1298,29.0
390,1296,32.0
3978,1299,29.0
1146,1290,46.0
1819,1288,25.0
3788,1296,39.0
4173,1283,25.0
603,1281,32.0
4287,1265,21.0
1710,1275,29.0
4372,1269,43.0
1907,1274,28.0
212,1279,41.0
1565,1267,25.0
894,1273,35.0
3698,1259,32.0
91,1259,18.0
1756,1257,22.0
837,1257,22.0
4419,1268,34.0
3869,1269,34.0
1856,1256,22.0
3394,1245,19.0
3582,1256,28.0
3513,1256,37.0
3160,1234,35.0
1206,1248,27.0
4229,1256,37.0
4119,1246,20.0
1273,1250,27.0
1517,1238,31.0
686,1256,41.0
144,1252,38.0
316,1246,36.0
3294,1250,51.0
1642,1242,37.0
1804,1232,29.0
960,1244,39.0
3810,1226,25.0
1053,1243,48.0
458,1235,47.0
40,1235,38.0
4046,1233,43.0
1419,1229,44.0
624,1214,20.0
376,1222,36.0
4316,1224,29.0
771,1224,38.0
569,1215,44.0
416,1194,14.0
3230,1210,27.0
3137,1212,19.0
1137,1217,41.0
96,1208,24.0
3650,1211,35.0
1383,1191,9.0
1720,1202,29.0
4174,1202,33.0
3881,1200,34.0
1503,1183,27.0
3722,1196,31.0
3962,1186,57.0
3392,1192,34.0
1334,1193,36.0
4407,1193,36.0
1561,1200,40.0
1193,1179,17.0
271,1186,31.0
657,1178,23.0
144,1182,24.0
3577,1178,29.0
4125,1177,27.0
1012,1182,31.0
212,1185,35.0
1248,1180,38.0
872,1184,38.0
4247,1179,32.0
52,1173,25.0
3278,1170,21.0
4034,1171,24.0
1654,1174,33.0
935,1178,35.0
3469,1178,40.0
701,1165,25.0
287,1149,13.0
1800,1162,39.0
417,1152,35.0
3313,1145,27.0
1394,1157,29.0
591,1153,36.0
1097,1150,38.0
479,1154,35.0
758,1146,33.0
3807,1156,38.0
3231,1147,30.0
1467,1143,29.0
825,1141,28.0
1571,1130,24.0
1523,1138,27.0
1152,1135,35.0
331,1145,36.0
163,1135,21.0
4204,1139,29.0
3542,1131,39.0
540,1137,37.0
262,1117,31.0
4409,1129,25.0
1710,1129,33.0
4331,1133,37.0
1293,1127,32.0
3690,1129,38.0
104,1123,28.0
4001,1122,40.0
3608,1115,33.0
1895,1115,36.0
1413,1111,25.0
3395,1113,37.0
921,1106,28.0
4265,1104,29.0
3714,1092,8.0
789,1100,22.0
3907,1103,48.0
1359,1103,22.0
603,1099,18.0
3746,1093,23.0
3490,1098,22.0
1201,1091,46.0
987,1097,48.0
1056,1090,32.0
659,1095,40.0
1549,1087,27.0
862,1098,42.0
3306,1091,39.0
1428,1087,19.0
1628,1088,39.0
4120,1097,51.0
733,1084,30.0
4370,1076,32.0
88,1065,29.0
3196,1077,33.0
3958,1073,33.0
1120,1076,34.0
290,1071,40.0
391,1061,46.0
204,1077,41.0
3646,1066,22.0
3850,1063,38.0
1612,1048,8.0
1274,1056,35.0
3438,1053,38.0
4275,1052,21.0
1478,1063,39.0
1777,1063,48.0
553,1061,40.0
820,1048,24.0
3714,1049,38.0
3519,1047,30.0
3124,1052,33.0
4213,1050,34.0
372,1029,13.0
3587,1046,34.0
1328,1044,34.0
1397,1044,34.0
1577,1037,25.0
133,1038,34.0
3905,1032,25.0
324,1025,31.0
3766,1027,41.0
4331,1034,38.0
76,1018,21.0
2102,1017,14.0
1623,1021,31.0
936,1026,42.0
3302,1022,33.0
278,1006,28.0
3822,1009,29.0
457,1026,34.0
749,1019,37.0
3955,1012,32.0
3728,996,21.0
3542,1001,27.0
3475,1004,29.0
3233,1010,35.0
3149,1003,30.0
522,999,23.0
4038,1016,44.0
1684,1003,30.0
1199,1016,45.0
1805,989,29.0
669,1001,39.0
1093,1001,39.0
3388,992,51.0
174,994,28.0
1347,984,28.0
380,989,37.0
4278,976,44.0
1289,979,28.0
993,985,28.0
585,984,34.0
3650,985,38.0
1507,984,40.0
306,972,30.0
3028,979,26.0
3869,973,31.0
1422,976,30.0
3172,962,22.0
1612,969,23.0
4140,971,33.0
3794,959,34.0
729,966,25.0
1203,951,21.0
821,964,40.0
907,962,32.0
3579,960,34.0
254,956,48.0
1554,957,31.0
120,955,25.0
1661,946,23.0
346,943,21.0
4278,933,23.0
3928,945,37.0
4331,935,27.0
4055,927,14.0
3494,938,32.0
3271,937,34.0
1301,922,24.0
415,930,30.0
3728,938,27.0
1960,947,41.0
1246,928,24.0
1794,930,42.0
498,935,40.0
3352,928,29.0
1132,929,33.0
4211,935,38.0
371,913,31.0
2945,914,23.0
3426,925,30.0
4006,924,34.0
163,919,30.0
1371,921,28.0
1034,928,42.0
3011,915,25.0
1440,917,31.0
1512,914,30.0
2031,910,29.0
320,903,42.0
3822,905,28.0
3086,917,42.0
1408,895,10.0
1275,896,20.0
3649,906,33.0
2651,905,23.0
693,906,32.0
4104,897,36.0
3774,902,23.0
603,913,45.0
3311,892,33.0
1620,899,39.0
759,902,35.0
3271,877,17.0
880,888,43.0
4047,887,30.0
3219,894,34.0
945,889,34.0
2962,876,29.0
4111,872,13.0
1830,885,34.0
357,874,22.0
266,877,27.0
1316,872,22.0
1719,892,49.0
1224,884,45.0
421,872,36.0
3566,877,40.0
3361,863,28.0
1906,870,32.0
3714,866,30.0
1556,862,25.0
3802,851,23.0
1154,857,37.0
4151,863,44.0
3953,859,35.0
3160,863,38.0
570,852,28.0
1404,858,30.0
4260,859,34.0
4087,851,35.0
3878,857,37.0
1983,848,37.0
983,847,29.0
3011,841,39.0
2105,843,42.0
3473,853,41.0
1502,839,21.0
1072,849,39.0
1808,827,36.0
4113,828,13.0
815,833,44.0
3656,833,30.0
3277,834,34.0
927,828,29.0
312,816,36.0
211,835,38.0
4013,828,40.0
3225,817,32.0
2860,835,42.0
703,828,42.0
505,836,48.0
2940,825,36.0
1283,811,39.0
1207,814,29.0
870,802,24.0
3075,813,29.0
1752,806,23.0
4197,802,32.0
3601,805,32.0
2038,806,29.0
1361,807,38.0
4301,805,28.0
3758,801,34.0
1862,802,39.0
269,786,23.0
3346,785,34.0
600,794,38.0
365,800,36.0
4076,793,29.0
1561,794,36.0
976,781,28.0
3915,775,24.0
3132,781,28.0
448,782,28.0
2111,774,28.0
1653,792,40.0
3023,777,26.0
4138,776,26.0
3410,781,43.0
1451,779,40.0
4240,771,23.0
1122,772,35.0
1961,766,54.0
1790,774,38.0
2965,762,25.0
1245,762,24.0
841,765,29.0
3979,768,34.0
3277,766,34.0
1188,761,29.0
2582,751,29.0
4186,748,22.0
3079,769,40.0
2008,751,23.0
3842,765,42.0
2901,753,30.0
1052,755,37.0
747,754,37.0
3637,748,38.0
3535,754,46.0
3719,743,24.0
1391,740,29.0
907,751,46.0
4313,736,30.0
2838,739,35.0
3199,739,58.0
3041,725,28.0
540,724,20.0
484,728,21.0
2165,730,33.0
2643,721,40.0
1735,731,38.0
3352,734,34.0
677,727,37.0
3305,712,21.0
2774,731,38.0
1309,730,37.0
1667,717,25.0
983,717,23.0
2991,720,29.0
2381,734,44.0
1543,717,35.0
3104,714,33.0
3982,702,19.0
3921,710,35.0
820,711,44.0
376,714,32.0
2539,715,38.0
2085,713,31.0
4065,717,43.0
312,719,35.0
2028,695,29.0
251,690,22.0
3761,701,42.0
2946,692,36.0
1973,700,28.0
1488,687,33.0
1901,700,35.0
1433,693,36.0
4259,694,48.0
3688,698,32.0
1613,695,26.0
2889,686,21.0
4166,694,34.0
1155,693,38.0
3231,682,22.0
950,680,19.0
2459,686,32.0
3412,682,33.0
1830,690,40.0
3644,672,29.0
747,676,25.0
343,663,32.0
2138,678,22.0
1097,664,34.0
3026,674,26.0
2665,668,38.0
529,668,38.0
3863,655,27.0
2827,663,34.0
1242,669,39.0
3815,664,24.0
3486,668,36.0
3155,663,48.0
459,659,47.0
3579,658,35.0
282,649,22.0
2508,652,36.0
897,661,37.0
3081,646,29.0
2304,659,44.0
1362,657,43.0
4111,648,28.0
2736,654,38.0
2005,638,46.0
1745,650,43.0
3991,646,33.0
963,638,30.0
4054,630,39.0
390,649,38.0
1946,636,25.0
4215,637,29.0
2602,645,37.0
803,640,30.0
1452,641,37.0
2198,638,33.0
4154,625,27.0
4085,617,11.0
2133,623,27.0
3348,630,58.0
1530,636,49.0
1028,642,43.0
238,625,18.0
1190,623,25.0
336,625,21.0
1893,631,31.0
4250,613,15.0
3275,617,40.0
2550,618,20.0
548,625,26.0
3441,618,30.0
2081,651,67.0
3045,615,34.0
862,619,23.0
3918,624,37.0
3753,618,43.0
1920,608,11.0
3642,618,36.0
1119,613,28.0
2788,598,30.0
3850,595,32.0
2953,617,44.0
3505,600,30.0
1624,609,39.0
499,608,34.0
2259,601,23.0
2497,597,28.0
292,598,29.0
2687,595,27.0
2416,608,47.0
953,586,29.0
688,577,20.0
2103,580,25.0
1408,585,28.0
760,577,22.0
1819,590,37.0
4069,585,24.0
3580,575,41.0
3346,570,27.0
1510,580,35.0
445,581,29.0
2856,578,50.0
2175,579,36.0
4129,576,28.0
3803,577,23.0
1361,571,21.0
894,578,30.0
1896,574,29.0
1268,585,40.0
592,578,32.0
2313,578,29.0
2273,553,21.0
1976,569,38.0
4248,580,38.0
4191,563,40.0
2054,574,49.0
1740,558,37.0
3110,561,49.0
3014,563,40.0
3725,559,40.0
3473,553,35.0
3063,546,14.0
3202,569,62.0
829,559,32.0
3842,551,27.0
2222,548,31.0
1566,555,31.0
2757,551,27.0
2644,551,32.0
1695,539,37.0
1628,544,24.0
3528,543,22.0
2561,553,40.0
1863,546,32.0
1058,544,32.0
529,541,37.0
1162,545,40.0
2475,535,27.0
3995,548,46.0
660,533,34.0
3650,537,35.0
2361,531,25.0
2423,520,27.0
2291,523,25.0
1314,514,43.0
347,531,44.0
3398,532,43.0
2138,529,38.0
2700,524,26.0
3295,533,49.0
1784,512,34.0
3055,514,25.0
2821,515,30.0
3007,503,28.0
3794,519,43.0
3573,514,34.0
1938,513,36.0
3901,515,40.0
736,518,40.0
2887,510,34.0
2955,509,34.0
988,511,41.0
445,511,32.0
893,508,33.0
1234,503,28.0
2212,510,36.0
1833,499,28.0
3137,505,37.0
2608,497,25.0
584,495,34.0
1489,504,43.0
2022,499,34.0
1182,489,24.0
3482,492,23.0
2292,485,14.0
813,491,24.0
1063,481,25.0
1723,487,33.0
498,478,30.0
1583,476,29.0
1644,491,43.0
1161,469,13.0
2630,455,11.0
4118,488,50.0
2227,461,10.0
2175,469,20.0
1894,473,29.0
1117,468,29.0
2754,477,46.0
3868,461,31.0
3252,465,29.0
1785,464,30.0
1305,465,32.0
3528,462,22.0
2335,465,34.0
1245,451,18.0
3744,465,42.0
2267,464,31.0
1020,441,27.0
681,455,32.0
2664,453,31.0
2829,455,30.0
2598,440,25.0
1066,443,28.0
451,444,24.0
2521,458,44.0
2425,460,51.0
3824,437,27.0
535,441,32.0
623,435,26.0
2083,446,41.0
3958,447,43.0
4165,435,27.0
2926,439,29.0
3191,447,38.0
3475,431,34.0
2296,418,23.0
824,429,36.0
1184,429,27.0
3058,437,49.0
2721,411,30.0
1755,422,23.0
3632,436,46.0
2217,417,40.0
2345,413,22.0
1962,427,37.0
1841,425,34.0
1515,419,24.0
1436,426,34.0
368,424,41.0
1693,408,44.0
935,422,45.0
3345,420,52.0
1340,402,33.0
2894,395,22.0
2789,401,28.0
4039,401,39.0
2667,388,27.0
2327,371,33.0
1043,393,26.0
1584,396,44.0
575,386,30.0
493,389,27.0
1793,381,22.0
1258,389,39.0
2842,383,23.0
641,377,29.0
3483,376,18.0
429,378,22.0
3870,384,36.0
1913,374,42.0
3154,377,31.0
2219,373,27.0
3556,379,41.0
3729,375,33.0
2033,372,35.0
1748,357,30.0
1120,365,37.0
3794,369,35.0
1423,346,11.0
1182,354,30.0
871,365,31.0
2590,366,54.0
2276,369,38.0
1855,351,32.0
3281,356,30.0
2726,352,27.0
3405,359,37.0
2359,355,34.0
2141,363,41.0
1391,353,22.0
3074,357,35.0
2451,358,40.0
1479,354,30.0
2775,343,27.0
2900,346,32.0
802,351,25.0
3004,345,25.0
1691,342,29.0
3651,346,36.0
698,343,30.0
1324,337,35.0
992,348,34.0
4102,347,41.0
2654,329,32.0
1645,322,21.0
403,329,34.0
1743,322,17.0
3191,326,34.0
3477,323,24.0
536,324,33.0
2937,334,43.0
483,307,24.0
1857,312,20.0
1798,318,34.0
3858,317,32.0
2538,301,30.0
1585,310,35.0
1215,309,25.0
3955,314,66.0
1517,304,24.0
1426,303,25.0
1273,309,33.0
3562,308,34.0
2101,300,27.0
2847,309,38.0
2486,299,31.0
3125,308,30.0
1946,297,44.0
707,286,19.0
832,291,30.0
2735,298,39.0
4019,295,29.0
1316,286,29.0
3033,290,34.0
612,293,39.0
972,281,22.0
899,286,32.0
3400,282,31.0
1367,280,23.0
762,282,27.0
2212,274,40.0
3256,279,40.0
2592,284,30.0
2407,273,37.0
2316,276,44.0
3328,278,41.0
3654,275,43.0
1638,267,30.0
3205,246,33.0
1716,272,38.0
1165,265,46.0
3176,264,26.0
1467,267,39.0
463,254,30.0
1233,257,24.0
2521,248,30.0
2456,245,25.0
3765,270,53.0
1300,250,33.0
1097,237,21.0
3131,235,25.0
2643,241,38.0
1015,232,30.0
3990,238,27.0
2930,237,33.0
2016,236,27.0
1334,228,38.0
874,234,29.0
811,232,23.0
1832,238,36.0
1395,231,31.0
685,223,35.0
1740,212,22.0
942,222,34.0
744,221,28.0
2741,227,35.0
3591,229,42.0
3397,218,29.0
3070,232,43.0
542,226,42.0
3660,215,27.0
621,217,25.0
3263,208,29.0
1554,218,41.0
1623,209,33.0
2126,204,58.0
3197,195,29.0
1690,202,27.0
2554,203,33.0
4037,207,32.0
3921,215,41.0
1968,196,24.0
1203,194,32.0
1447,187,38.0
3515,182,41.0
1000,178,36.0
2827,205,46.0
2344,176,25.0
3348,183,43.0
2484,175,43.0
2404,192,38.0
1254,181,27.0
1055,184,36.0
2036,178,28.0
3112,178,36.0
2751,166,20.0
1885,178,33.0
3288,172,27.0
770,166,33.0
3780,165,31.0
2247,174,44.0
1498,164,34.0
3647,167,27.0
3042,157,22.0
2919,161,36.0
1721,151,25.0
1121,175,41.0
2683,169,37.0
637,163,33.0
942,160,32.0
709,163,33.0
863,164,40.0
3227,157,28.0
2988,171,44.0
1791,161,35.0
1659,141,37.0
2542,144,32.0
3840,153,37.0
3721,157,37.0
1937,151,32.0
2605,149,36.0
1602,138,30.0
2193,139,25.0
524,140,28.0
1999,142,32.0
999,130,25.0
2119,129,46.0
2065,129,24.0
3592,132,40.0
585,131,36.0
3923,125,39.0
3398,130,34.0
3828,121,18.0
2482,121,27.0
2891,115,29.0
2363,121,44.0
2288,105,34.0
1849,118,27.0
2229,117,31.0
1748,123,34.0
780,114,37.0
714,103,22.0
1702,105,25.0
934,104,34.0
3784,104,22.0
1544,105,39.0
3054,101,36.0
2942,101,30.0
1339,86,24.0
1966,84,31.0
1054,97,31.0
1445,108,44.0
857,83,29.0
1234,98,45.0
3565,72,29.0
1642,89,37.0
3738,74,37.0
3672,89,38.0
3264,93,47.0
3154,95,48.0
664,78,36.0
3855,74,37.0
1903,72,38.0
2897,66,25.0
2739,75,56.0
3480,92,40.0
3343,74,26.0
2107,82,34.0
2546,80,39.0
1130,80,40.0
1378,69,34.0
2173,67,46.0
2971,57,30.0
1582,69,35.0
2037,66,35.0
3762,50,12.0
3019,53,20.0
730,51,33.0
1798,56,39.0
1330,39,32.0
2238,46,43.0
2645,56,40.0
3219,35,22.0
3797,42,31.0
926,42,38.0
2314,40,35.0
1076,36,22.0
2833,44,43.0
2920,32,27.0
3076,34,25.0
2409,46,46.0
1536,30,31.0
840,30,34.0
3396,26,24.0
1185,30,29.0
3607,34,31.0
1951,30,27.0
1716,28,34.0
1344,2954,23.0
2185,2927,10.0
3675,2842,14.0
3851,2822,10.0
1281,2811,8.0
3261,2792,8.0
3984,2781,7.0
2746,2781,10.0
1798,2638,10.0
865,2525,13.0
885,2498,13.0
1609,2401,25.0
3351,2351,16.0
2993,2353,22.0
258,2268,30.0
2320,2223,46.0
2153,2120,41.0
2599,1971,19.0
4023,1975,52.0
2890,1965,51.0
2810,1930,17.0
2244,1890,11.0
4243,1847,18.0
455,1820,29.0
469,1670,45.0
2002,1639,29.0
894,1528,52.0
2140,1472,23.0
1971,1465,23.0
268,1435,10.0
366,1440,40.0
2959,1389,12.0
1506,1323,44.0
4400,1289,12.0
3819,1252,11.0
2100,1180,10.0
1337,1148,34.0
1583,1067,11.0
3483,1038,8.0
1874,992,49.0
1340,947,11.0
1280,945,8.0
1276,862,20.0
1203,851,12.0
2234,810,48.0
601,691,40.0
3478,630,10.0
668,630,44.0
2136,607,11.0
1214,469,17.0
1371,469,49.0
733,418,55.0
3213,293,13.0
1213,274,13.0
1060,298,41.0
2482,264,6.0
776,243,14.0
777,208,13.0
3468,233,44.0
2771,194,16.0
1337,171,44.0
2934,65,21.0
1727,2938,12.0
1529,2800,15.0
3967,2708,21.0
3749,2466,10.0
1816,2437,16.0
3619,2424,13.0
2012,2419,13.0
2352,2285,9.0
942,2189,15.0
2010,2174,11.0
3356,2130,12.0
492,1985,62.0
1165,1944,16.0
4285,1733,12.0
2881,1738,35.0
1478,1664,10.0
1956,1554,11.0
189,1541,14.0
4408,1547,80.0
2993,1508,32.0
4265,1277,10.0
1529,1167,13.0
174,1169,8.0
4427,1158,11.0
1586,1109,7.0
4409,1094,7.0
3940,1044,11.0
3730,1021,11.0
965,753,13.0
908,248,11.0
1720,233,11.0
3111,217,11.0
984,219,7.0
2567,167,8.0
2507,153,9.0
2100,106,11.0
2139,99,12.0
2071,92,14.0
2209,83,12.0
3887,54,16.0
3355,2524,36.0
326,2363,11.0
973,2132,14.0
4003,2026,13.0
3842,1480,8.0
1055,1402,7.0
1497,1163,8.0
1814,803,10.0
859,577,11.0
2709,393,11.0
3457,357,14.0
1657,188,8.0
3402,2595,10.0
426,1830,8.0
88,1823,10.0
3795,999,14.0
2756,337,11.0
948,195,19.0
3235,191,9.0
1966,129,10.0
1670,121,7.0
1078,73,11.0
1057,1437,13.0
1636,938,8.0
3050,2409,10.0
